Automap Command,Symbol,Price Level,Note,Foreground Color,Background Color,Diameter,Text Alignment,Draw Note Price Horizontal Line
,ES,7846.00,Call Wall 7846.00 (gamma),#FFFFFF,#C62828,1,center,TRUE
,ES,7772.75,Gamma Flip 7772.75,#000000,#FFD740,1,center,TRUE
,ES,7761.50,ES spot 7761.50,#FFFFFF,#616161,1,center,TRUE
,ES,7719.50,Put Wall 7719.50 (gamma),#FFFFFF,#2E7D32,1,center,TRUE
,ES,7767.75,Prior Day High 7767.75,#FFFFFF,#1565C0,1,center,TRUE
,ES,7672.75,Prior Day Low 7672.75,#FFFFFF,#1565C0,1,center,TRUE
,MES,7846.00,Call Wall 7846.00 (gamma),#FFFFFF,#C62828,1,center,TRUE
,MES,7772.75,Gamma Flip 7772.75,#000000,#FFD740,1,center,TRUE
,MES,7761.50,ES spot 7761.50,#FFFFFF,#616161,1,center,TRUE
,MES,7719.50,Put Wall 7719.50 (gamma),#FFFFFF,#2E7D32,1,center,TRUE
,MES,7767.75,Prior Day High 7767.75,#FFFFFF,#1565C0,1,center,TRUE
,MES,7672.75,Prior Day Low 7672.75,#FFFFFF,#1565C0,1,center,TRUE
